Number;Start time in milliseconds;End time in milliseconds;"Text"
1;3500;6850;"Фильм основан на результатах
исследований научной лаборатории,"
2;6910;10650;"которая была создана специально
для работы над этим проектом."
3;23580;25940;"Смотрите внимательно. Это первое свидание."
4;26280;28200;"Он просто пригласил её в кафе."
5;28500;30180;"И ещё не знает, нравится ли ей."
6;30900;33280;"А он ей нравится, как бы
она не пыталась это сказать."
7;35420;37240;"Лицо, мимика выдают ей."
8;42800;46260;"А этот человек говорит, что
ещё не готов купить автомобиль."
9;49080;51660;"Но его руки говорят об обратном."
10;56580;57580;"Допрос."
11;57620;61080;"Преступник утверждает, что не
знает потерпевшего, но это ложь."
12;61180;62900;"Как бы он не пытался её скрыть,"
13;63060;66120;"за него опять говорят
его жесты и его мимика."
14;66420;66980;"Жест."
15;67380;68380;"Движение."
16;68600;69600;"Взгляд."
17;69680;73280;"Это и есть то, что заставляет вас верить."
18;73540;77540;"Верить намного более мощно, чем вы верите,"
19;77620;81720;"когда часто общаетесь
через речевое общение."
20;81980;85660;"Жесты и мимика всегда
помогают нам разобраться в том,"
21;86040;88560;"например, говорит человек
нам правду или он нам лжёт,"
22;88720;91400;"хотя бы искренне нам, или что-то скрывает."
23;92100;94200;"Хорошо он к чему-то относится или плохо."
24;94250;98020;"Ж – это как жизнь, это
что-то струящееся из нас."
25;99165;102940;"С – это как опадание
синего листа и Т – обрубание."
26;103240;105000;"Мы режем нечто."
27;105360;107500;"Мы как закройщики с помощью жестов,"
28;107720;110020;"мы режем электромагнитное
поле, которое вокруг нас."
29;111240;113940;"Как часто мы слышим
только то, что хотим услышать."
30;114080;118140;"Как часто мы обижаемся, ты же
говорил, ты же обещала, я сам это слышал."
31;118920;122460;"Мы внимательно вслушиваемся
в слова, стараясь понять и узнать."
32;122461;125500;"А на самом деле, для
Того чтобы понять и узнать,"
33;125660;127820;"надо всего лишь смотреть и понимать."
34;128100;131460;"Глаза собеседника, его мимику, его жесты."
35;131700;134780;"Руки, глаза, лицо – именно
они разговаривают с нами."
36;134980;138080;"Только они нас раздражают и
только они говорят нам правду."
37;138620;141720;"Язык, мимики и жестов – его
почти невозможно подделать,"
38;141840;143900;"но ему можно научиться и научить."
39;144180;146820;"На протяжении всего фильма
мы постараемся научить"
40;146821;148980;"вас хоть немного
расшифровывать язык жестов."
41;149240;151200;"И, вероятно, после этого
вы станете понимать,"
42;151201;154800;"о чем думает собеседник, как на
самом деле относятся к вам близкие люди."
43;155020;159360;"Смотрите внимательно, и вы поймете,
о чем говорит человек, когда молчит."
44;195630;196630;"Стоп."
45;196850;197850;"Чуть-чуть назад."
46;200230;200570;"Смотрите."
47;201070;202310;"Вот он поворачивается к ней."
48;203430;204890;"На его лице нет ни тени улыбки."
49;205190;207550;"Он смотрит на нее, она этого не видит."
50;207770;209130;"Чуть-чуть несколько кадров вперед."
51;209290;212730;"Она поворачивается, он это
заметил, он начинает улыбаться."
52;212890;214450;"Он не посмотрел на нее с улыбкой,"
53;214530;217130;"улыбка возникла после Того, как
она начала к нему поворачиваться."
54;218110;219110;"Обратите внимание."
55;219270;222670;"Очень незаметный жест, точнее
даже не жест, а элемент мимики."
56;222790;223850;"Вот здесь он хорошо виден."
57;223970;224970;"Вроде бы улыбка."
58;225210;229450;"Но если мы посмотрим еще на несколько
кадров вперед, теперь уже не назад,"
59;229570;233230;"вот мы увидим, что уголок
губы начал играть вниз."
60;233630;235630;"Вместе с часто закрывающимися глазами,"
61;236930;239630;"вместе с в целом
напряженной достаточно позой,"
62;239790;240790;"тереблением пальцев."
63;240970;243670;"Мы все это можем собрать вместе, и
сказать, что человек достаточно напряжен"
64;243671;246070;"и, скорее всего, разыгрывает
из себя веселого человека."
65;246350;250430;"А внутри держится очень жестко,
очень сильно, может быть, переживает."
66;250530;254310;"Или вот я в таком случае бы
предположил, что что-то не так."
67;254550;257210;"Бог его знает с каких
соображений, но я думаю, что лукают."
68;258870;261710;"Эта пара распалась через
полгода после свадьбы."
69;262050;263850;"Василий сбежал вместе с деньгами жены,"
70;264070;266370;"а Александра уехала в
Москву лечить депрессию."
71;267350;269690;"Он говорил, что любит
меня, твердила Александра."
72;270170;272690;"Смотрите, какая красивая
у нас была свадьба."
73;273470;276530;"Психолог внимательно
посмотрел на жениха и увидел."
74;276710;279690;"Смотрите, что происходит
с человеком, когда он лжет."
75;279815;281850;"Видите покраснение около уха?"
76;282150;285760;"Это говорит о том, что у человека
присутствует серьезное внутреннее напряжение."
77;287510;289650;"Видите улыбку? Улыбается только рот жениха."
78;289710;291390;"Глаза остаются серьезными."
79;293410;294830;"А теперь руки жениха."
80;295330;296350;"Он теребит пальцы."
81;296550;301090;"С помощью рук он пытается выстроить барьер
между собой и якобы любимой женщиной."
82;302150;303830;"Влюбленные люди так себя не ведут."
83;304030;306050;"У влюбленных совсем другие жесты."
84;312320;314660;"Итак, жесты симпатии."
85;315540;316980;"Вот жесты влюбленного мужчины."
86;318460;319460;"Открытые руки."
87;319660;323660;"Влюбленный подсознательно хочет вызвать
доверие у объекта своей влюбленности."
88;324020;327120;"То же самое демонстрирует и
открытый пронзительный взгляд."
89;327340;328640;"Примерно вот такой."
90;329180;331000;"Так называемая поза мачо."
91;331960;335180;"Руки в карманах брюк,
ноги широко расставлены."
92;335920;339380;"Мужчина подсознательно старается
показать, что он уверен и силен."
93;340680;342740;"И что он мужчина."
94;345460;349340;"Стряхивание пылинок – еще один
жест сексуальной заинтересованности."
95;350760;353760;"Как и то, что мужчина
начинает поправлять галстук."
96;357140;359780;"и поправлять манжеты."
97;364250;367950;"А вот женщина, если
хочет привлечь внимание"
98;367951;369810;"мужчины, начинает
поправлять свою причёску."
99;369930;374650;"Тругать лицо, шею и демонстрировать
запястья и тыльную сторону ладони."
100;374651;376490;"Приоткрывает рот."
101;377950;380330;"Если бы все люди могли
правильно читать жесты,"
102;380630;382630;"сколько их трагедии удалось бы избежать?"
103;382930;384010;"Ученые, занимающиеся"
104;384360;386050;"невербальными коммуникациями, утверждают,"
105;386210;390790;"что особенного успеха у противоположного
пола добиваются не самые красивые женщины,"
106;391390;394310;"а женщины, которые
правильно жестикулируют."
107;395270;398210;"Девушка может быть
неослепительно хороша собой."
108;398490;402650;"Действительно, исходя из природных
данных, может быть, не должна пользоваться"
109;402651;406830;"мужчиной, но при этом она настолько
естественно и гармонично пользуется жестами,"
110;408070;409070;"мимикой, указывающими."
111;410150;412590;"на ее женственность."
112;412690;416370;"Мы сами знаем этих замечательных
девушек, которые открыто смотрят"
113;416371;418510;"на собеседника,
распахивают вот так вот глаза"
114;418760;422370;"и смотрят, в которых в восхищении
приоткрывается рот, сейчас, да, там губы."
115;422610;423610;"Вот эта вся."
116;424730;426450;"атрибутика, она создает
удивительное впечатление."
117;426451;430630;"И мужчина, он на самом
деле, скорее внешностью"
118;430631;432910;"пользуется только вот
для первого контакта."
119;433090;436570;"А дальше намного большее значение
имеет вот эта вся атрибутика живая."
120;436910;439710;"Жесты, мимика, то, что
происходит, то, что действует."
121;440310;442590;"Иногда мужчины спят с женщинами,
которым даже не нравится."
122;442591;443630;""
123;446430;449990;"Для женщин секс и Любовь между
ними как-то стоит, знак нравится почти."
124;450350;452570;"Но для мужчин это совершенно"
125;452571;454910;"не так обстоит, и все мужчины
в этой комнате это понимают."
126;454911;455911;""
127;456230;460110;"Алан, теперь я понимаю,
когда супруг застает мужа в"
128;460150;462390;"кровати с другой, он говорит,
это не то, что ты думаешь."
129;463890;466210;"О том, как правильно пользоваться
жестами, написаны сотни книг."
130;466211;470790;"Но, наверное, больше всех в мире
про жесты написал австралиец Алан Пис."
131;470791;471791;""
132;482470;484690;"Языку жестов он научился еще ребенка,"
133;484890;488430;"когда в десять лет начал работать с
торговым агентом. Именно правильная"
134;488431;492650;"жестикуляция помогла ему в 21 год
стать самым молодым австралицем,"
135;492810;496230;"продавшим страховых контрактов
на сумму в один миллион долларов."
136;496950;500490;"Потом Алан Пис собрал накопленные
знания и опыты стал продавать их."
137;500850;503550;"Получилось еще лучше, чем
со страховыми контрактами."
138;503870;506390;"Пис продал более 20 миллионов книг,"
139;506610;510430;"сделал телевизионное
шоу «Язык телодвижений»,"
140;510431;511431;"которое посмотрело около
100 миллионов человек."
141;511890;516790;"А начиналось все вот с такого же тренинга,
где будущих торговых агентов учили,"
142;516990;519230;"как правильно управлять своим телом."
143;519470;520590;"Итак, что вам нужно знать?"
144;520850;524750;"Ну, во-первых, от середины
живота до середины лба"
145;524751;526390;"вот эта вот линия
называется линия контакта."
146;526391;530750;"И когда мы с вами устанавливаем
контакт, важно, чтобы жесты были"
147;530751;532690;"вдоль линии контакта,
чтобы вы ее не пересекали."
148;532691;537110;"Мои жесты движутся вдоль
линии контакта. Я открыта вам,"
149;537470;540990;"и у нас образуется такой вот
невидимая узы, невидимая связь."
150;541070;542690;"Получается контакт."
151;542691;544750;"Что будет, если я начинаю
пересекать эту линию?"
152;545050;548550;"Это ошибка, да? Это жест
«до свидания», «пока»."
153;548551;550630;"Мы как рвем контакт.
Психолог Жанна"
154;550631;552750;"Завьялова уже давно не
пересекает линии контакта."
155;552751;556770;"Она мила, приветлива, легко находит
язык с самыми разными людьми."
156;557130;560110;"Сегодня Жанна бизнес-тренер,
один из самых успешных в России."
157;560790;562870;"На языке жестов она говорит без акцента."
158;563350;564590;"Руки двигаются
четко и без ошибок."
159;564591;570230;"Ведь одно неосторожное движение и
контакт со слушателем может быть потерян."
160;570231;572230;"Проводили эксперимент
«Психологи на детях»."
161;572750;577690;"В интернате у детей, которых не
было контакта со своими педагогами,"
162;578430;580050;"что делали психологи? Они просто"
163;580051;582090;"беседовали с детьми,
периодически показывали ладошки."
164;582091;583950;"Как бы про, между прочим,"
165;584090;587810;"что-то рассказывая. Такой жест, он
естественный жест, как будто бы вот он"
166;587811;590050;"необходимый, ничего
специально вот так вот не делалось."
167;590690;591830;"Дети стали доверять,"
168;592110;593630;"соответственно они стали раскрываться,"
169;593830;595350;"откровенчать перед психологами."
170;595710;598110;"Поэтому если вы хотите,
чтобы ваш клиент вам доверял,"
171;598335;600270;"вам нужно делать такие жесты,
чтобы раскрывать свои ладони."
172;600271;603670;"Ни в коем случае не
показать кулаки, это ошибка."
173;603950;606210;"Ни в коем случае не убирать
руки в карманы или за спину."
174;606211;609690;"Вот это вот такой жест,
это очень ошибочный жест."
175;610270;612070;"Особенно еще ухуже вот такой вот."
176;613210;614150;"Так стоят обычно пенальти."
177;614151;615151;""
178;615790;617170;"Закрывать одно место, чтобы."
179;618010;621930;"было безопасно. Да, мы не должны так
стоять, потому что мы все нарушили сразу."
180;621931;622931;""
181;624530;627790;"Итак, если вы хотите
вызвать доверие у клиентов,"
182;628070;630250;"то вот жесты, которые
вам запрещено делать."
183;630251;631251;""
184;632110;634150;"Ни в коем случае нельзя
пересекать линию контакта."
185;634151;635350;""
186;636270;637330;"Нельзя потирать руки,"
187;637670;641030;"у клиента сразу возникнет
ощущение, что его обманывают."
188;642050;643310;"Нельзя сжимать кулаки,"
189;643710;645770;"это выдает внутреннее
возбуждение, агрессивность."
190;646090;647090;""
191;649810;653910;"Нельзя ставить руки на талию и
тем самым подсознательно пытаться"
192;653911;655750;"занять как можно больше
места в пространстве."
193;655751;656751;""
194;657090;658990;"Клиент должен чувствовать себя."
195;659620;660620;"главным."
196;666390;670330;"Жесты должны быть плавными
и максимально открытыми."
197;671570;675570;"О том, что жесты решают все, человечеству
было известно с самых ранних времен."
198;676070;680430;"Еще за 300 лет до новой эры знаменитый
античный оратор Демосфен на вопрос, что нужно"
199;680431;682290;"для успеха в публичных
выступлениях, отвечал."
200;682810;683170;""
201;683410;685650;"Жесты, жесты, жесты."
202;685790;689010;"Часами Демосфен репетировал
свои речи и свои жесты."
203;689650;691130;"А вот армянский царь Тринедат,"
204;691270;694970;"побывав в гостях в Риме у
императора Нерона, попросил в подарок"
205;694971;698850;"актера Мима, ибо был
поражен, как точно тот"
206;698851;700270;"умеет разговаривать
без слов, только руками."
207;701010;704170;"Тринедат, который тогда
правил многоязычной"
208;704171;706310;"страной, понял, что лучше
переводчика ему не найти,"
209;706990;708030;"что не скажут слова,"
210;708270;709910;"скажут руки или глаза."
211;710550;713610;"В Древнем Китае торговцы
жемчугам знали, что"
212;713611;714910;"надо внимательно
смотреть в глаза покупателя."
213;715230;718610;"Если зрачок расширился, то
можно назначать любую цену."
214;718790;723490;"Очень часто незнание языка жестов
приводило к плачевным результатам."
215;723950;724950;"Яркий пример."
216;726640;729650;"Известный по рассказам,
которые миссионеров,"
217;729830;733210;"которые спаслись
феномен черного смеха."
218;733250;734250;"Что это такое?"
219;735365;739950;"Миссионер приезжал в то
или иное африканское племя."
220;740190;741550;"Нес слово Божье."
221;741910;742990;"И вдруг он видел,"
222;743410;745460;"как представители этого племени."
223;746205;747480;"начинают сужаться"
224;747650;750410;"вокруг него и начинают смеяться."
225;750670;752730;"Первое, что думал миссионер,"
226;752890;755450;"не знающий ни вербальной коммуникации,"
227;755850;757330;"улыбка, смех"
228;757430;758970;"это передача у нас,"
229;759120;761950;"как правило, позитивного отношения."
230;762650;765710;"Но ему было не вдомек,"
231;765890;772330;"что это ритуальный смех перед тем, как
каннибалы приступят к своему пиршеству."
232;777010;780990;"Отсюда это явление было
названо черным смехом."
233;782650;786230;"Чтобы избежать недоразумений, в
Колумбии даже создали специальный словарь,"
234;786231;789450;"помогающий туристам понимать,
что означает тот или иной жест."
235;790230;792690;"В словаре собрано более 2000 жестов."
236;793110;796890;"Как часто турист, приезжая
в незнакомую страну, не зная"
237;796910;799250;"языка жестов, не может
разобраться в местных обычаях."
238;800070;804590;"Однажды президент США Ричард
Никсон попал в очень неприятную историю."
239;804990;809350;"Выступая с речью в Бразилии,
он поднял вверх руку с"
240;809351;811110;"соединенными кольцом большим
и указательным пальцами."
241;811690;814930;"Для него, как и для любого
американца, этот жест означал OK."
242;815770;817290;"А для бразильцев, как выяснилось,"
243;817430;818830;"сексуальное оскорбление."
244;819450;823050;"Или кукиш, который в
России наравне с высунутым"
245;823051;824950;"языком считается не
более чем детской шалостью."
246;825190;829030;"А вот у турок, латиноамериканцев,
жителей Средиземноморья"
247;829031;831850;"этот жест является
смертельным оскорблением."
248;832550;833090;"Или, например,"
249;833250;834570;"для Того чтобы согласиться,"
250;834770;837010;"нам достаточно кивнуть головой сверху вниз."
251;837550;840650;"А в Саудовской Аравии
да, это вращение головой"
252;840651;842331;"с каждой стороны в
сторону, как у нас нет."
253;843070;847890;"В Ливане и Иране чтобы сказать нет,
достаточно резко поднять и запрокинуть голову."
254;848050;851470;"А чтобы сказать да, наоборот,
слегка наклонить ее вперед и вниз."
255;853090;857950;"Говорят, что манера принцессы
Дианы слегка наклонять голову"
256;857951;859550;"на бок и вниз, помогла ей в
ее благотворительной карьере."
257;860070;864490;"Этот ее жест выглядел для жителей
Ближневосточного региона как согласие помочь."
258;864690;867850;"Тем более, что приезжала туда
Диана с гуманитарной миссией."
259;868570;872250;"Чтобы избежать неприятностей, опытные
журналисты перед каждой поездкой"
260;872251;874890;"в новую страну тщательно
изучают язык ее жестов."
261;874891;876030;""
262;876770;879430;"Я однажды приехал на интервью
к президенту Сирии Асабу."
263;879590;883350;"Они меня сами пригласили, но в
силу особенности арабской политики,"
264;883510;887790;"попросили меня привезти пару дисков с
каким-то интервью, который я писал ранее."
265;888310;889450;"Ну хорошо, пожалуйста."
266;889890;892830;"Я им привез Буша и привез Путина."
267;892850;893910;"Они очень важны, значит."
268;894060;898630;"Хорошо, вечером в канун интервью за
мной приезжает бронированный Мерседес."
269;898930;901450;"С автоматчиками меня везут
по каким-то темным улицам."
270;901590;902970;"Я говорю, господи, куда же какой-то бункер?"
271;902990;904786;"Привозят в тот же самый
офис, где я был днем."
272;904810;906170;"Там пресс-служб-президент."
273;907110;910850;"Здесь сидит тот же самый человек, с
которым я днем общался, но он строгий."
274;913175;914750;"Мы посмотрели ваши материалы."
275;915590;918110;"А как вы собираетесь
сидеть с нашим президентом?"
276;918250;920010;"Я говорю, как обычно, нет."
277;920410;922310;"Как обычно, вы с ним сидеть не будете."
278;922311;923351;"Я говорю, а в чем дело-то?"
279;923850;925650;"Мы видели ваше интервью с Бушем."
280;925950;928570;"Для меня главное это
общение с Владимиром Путиным."
281;928770;930330;"Общение лидера с лидером."
282;930770;932370;"Доверие – важное понятие."
283;932750;934310;"Вы там сидите на Ганану."
284;935350;936710;"Ни в коем случае."
285;937450;938450;"Ну ладно."
286;938690;939746;"Ни в коем случае, ни в коем случае."
287;939770;941950;"В чем дело? И тут мне объясняют арабисты,"
288;942010;944190;"что оказывается в арабском
мире, если подошву видно,"
289;944410;945410;"это страшное оскорбление."
290;946970;950590;"Поэтому ботинком-то кидаются на
арабских пресс-конференциях периодически."
291;950840;954250;"Иными словами, в арабском мире, в
восточном мире никаких ног на ногу,"
292;954350;955810;"потому что, не дай бог,
будет видно подошву,"
293;955811;958890;"это будет совершенно
неправильно считано."
294;970330;973670;"Есть достаточно существенная разница
между политиками нашими и западными,"
295;973830;975910;"потому что западники практически все."
296;976620;979170;"прошли тренинги, например,
от общения с журналистами."
297;979350;980390;"В то время как в России"
298;980565;985790;"понятие тренинга, например, с
интервью возникло в последние 3-4 года."
299;986090;987090;"Как это ни парадоксально,"
300;987190;990130;"очень многие политики в России
такие тренинги не проходили."
301;990390;991470;"И это сказывается."
302;991610;995231;"Ну вот, например, если я скажу половину
российских политиков, я, наверное,"
303;995270;999150;"чуть-чуть буду кривить
душой, но треть-то точно."
304;999151;1003510;"Треть точно норовит непременно, давай
интервью, сесть за стол, закрыться за столом,"
305;1004110;1007970;"сесть и по-начальственному
думал с тобой общаться."
306;1008070;1013150;"К счастью, мне всегда удается переубедить
и посадить на общий план, чтобы было видно."
307;1014190;1017110;"целиком тело человека, оно о
нем зачастую очень много говорит."
308;1017650;1018830;"Беда заключается в том,"
309;1019650;1022070;"что наши не всегда знают,
что с этим телом делать."
310;1023350;1025770;"Собственно говоря, ну только в России."
311;1027550;1028550;"спрашивают,"
312;1028710;1030970;"а вот если я сяду
ногу на ногу, то чего?"
313;1031490;1034790;"День, когда американские
политики стали изучать язык жестов,"
314;1034950;1037530;"вошел в историю."
315;1037531;1039210;"26 сентября 1960 года."
316;1039610;1041710;"Первые президентские
теледебаты в США."
317;1042570;1043950;"Загорелый, уверенный в себе,"
318;1044210;1048290;"энергично жестикулирующий Кеннеди
выглядел гораздо лучше Никсона,"
319;1048610;1049610;"не загримированного,"
320;1049870;1053350;"одетого в светлый костюм, который
практически слился с декорацией."
321;1054070;1055170;"Никсон сильно потел,"
322;1055490;1056970;"выглядел растерянным и бледным."
323;1057390;1061290;"Примерно 75 миллионов телезрителей
тогда присудили победу Кеннеди."
324;1061810;1063430;"А вот 15 миллионов человек,"
325;1063570;1067430;"которые слушали эти
дебаты по радио и не видели"
326;1067431;1068650;"всей мощи Кеннеди и
растерянности Никсона,"
327;1069030;1070670;"присудили победу последнему."
328;1071590;1074591;"Тогда в Соединенных Штатах
Америки политики поняли,"
329;1074710;1077210;"ты то, как ты выглядишь."
330;1077470;1082030;"Сегодня над имиджем американского
президента работают сотни профессионалов."
331;1082350;1084870;"Перед тем, как выйти и
выступить перед аудиторией,"
332;1085210;1088960;"политики тратят годы на то, чтобы
научиться управлять своим телом."
333;1091290;1095950;"Мы, как политтехнологи, должны
наблюдать за собеседниками,"
334;1096570;1098130;"за оппозицией,"
335;1098310;1101830;"какие позы она демонстрирует
по отношению, собственно,"
336;1101970;1103410;"к нашему подопечному."
337;1103550;1104830;"Я думаю, что многие сейчас,"
338;1104990;1107270;"посмотрев на жест палец у рта,"
339;1107590;1111451;"узнают его, вспомнят
плакаты советских времен."
340;1111890;1112950;"Не говори!"
341;1112951;1114390;"Так вот, этот жест,"
342;1114590;1116570;"не говори, он, собственно,"
343;1116710;1118110;"так и трактуется."
344;1118430;1121130;"Человек пытается остановить себя,"
345;1121510;1124610;"чтобы не сказать какой-то
лишней информации,"
346;1124850;1126430;"которая может негативно
сказаться на его имидже."
347;1126431;1127431;""
348;1127610;1129710;"Все-таки мы должны понимать с вами,"
349;1130270;1135790;"что люди публичные, они постоянно
находятся под прицелами фото-видеокамер."
350;1136770;1139230;"Если это какое-то публичное мероприятие,"
351;1139670;1142150;"то человек должен быть
максимально сдержанным."
352;1142990;1146070;"Итак, если вы хотите произвести
положительное впечатление"
353;1146071;1148050;"на собеседника и преуспеть
в переговорах, то запомните."
354;1148090;1150450;"Нужно занимать позицию,"
355;1150570;1152310;"расположенную к
собеседнику носками, туфель."
356;1152470;1156390;"Обязательно направлять
жесты по отношению к"
357;1156391;1158850;"собеседнику и делать их
максимально открытыми."
358;1159310;1163490;"Надо сказать, что жесты еще должны быть
более горизонтальными, нежели вертикальными."
359;1164230;1165970;"Доказано, что вертикальные жесты"
360;1166470;1167530;"воспринимаются негативно."
361;1167531;1169830;"Они указывают на что-то, подавляют,"
362;1170050;1174750;"а вот горизонтальные жесты воспринимаются
позитивно и делают человека открытым."
363;1176430;1177430;"Мы видим с вами,"
364;1177610;1183990;"что у Джорджа носки туфель более
обращены к собеседнику, нежели у Ющенко."
365;1184130;1189550;"Плюс у Ющенко так называемая поза двойного
креста, когда скрещены не только руки,"
366;1190330;1192090;"но еще и скрещены ноги."
367;1192110;1193870;"Неважно, человек стоит или сидит,"
368;1194050;1195670;"эта поза всегда
читается одинаково."
369;1195671;1198350;"Я несколько скован,"
370;1198550;1201930;"может быть даже боюсь
и не хочу общаться."
371;1202510;1203510;"Следующий, пожалуйста."
372;1204230;1207010;"Данный жест – это
жест указующего перста."
373;1207230;1208990;"О чем этот жест? Этот жест"
374;1209390;1212410;"пытается доказать кому-либо что-либо."
375;1218230;1221950;"Но есть несколько другие варианты
проявления вот такого жеста."
376;1221951;1223430;"Давайте посмотрим."
377;1223590;1226370;"Он более интересен. Обратите внимание,"
378;1226550;1230320;"это указующий перст уже
обращен не к конкретному человеку,"
379;1231010;1232440;"а это палец поднятый над толпой."
380;1232750;1233770;""
381;1234010;1238090;"Они пытаются повелевать тем
самым, сообщают вот эту информацию."
382;1238091;1239091;""
383;1239510;1241850;"Свою коллекцию знаменитых жестов политиков"
384;1241851;1245990;"психолог Екатерина Грибалова
начала собирать еще в институте."
385;1245991;1249370;"Теперь она с удовольствием показывает
студентам, что нужно, а что нельзя делать."
386;1250050;1251950;"О своих влиятельных клиентах, политиках"
387;1251951;1253750;"и бизнесменах Екатерина
рассказывать отказывается."
388;1253751;1255730;"Профессиональная политика."
389;1255731;1257990;"Впрочем, она не скрывает,"
390;1258190;1261850;"почти всех политиков приходится
заново учить управлению своим телом."
391;1261851;1267670;"Прежде всего нужно убрать все
жесты, которые негативно воздействуют."
392;1267810;1271230;"Для этого необходимо провести так
называемую процедуру обесценивания,"
393;1271231;1274951;"обесценивания жеста. Его
заснимают на видеокамеру,"
394;1275730;1277530;"показывают ему эти жесты."
395;1277650;1281790;"Естественно, политехнологи сопровождают
все это описанием данного жеста."
396;1281791;1283410;"Но есть одна особенность."
397;1283411;1286010;"Этот жест обязательно
должен быть чем-то схож"
398;1286185;1287450;"с тем жестом ценным,"
399;1287730;1289130;"который был, собственно, обесценен."
400;1289190;1291130;"Пример может быть такой. Жест человека,"
401;1291310;1292850;"который все время подтягивает галстук."
402;1293410;1295630;"Явное ощущение неуверенности,"
403;1295790;1297370;"человеку некомфортно,
человек не в своей тарелке."
404;1297371;1301350;"Заменяется на жест к сердцу
обращение искренности."
405;1301351;1305430;"Опять же на том же уровне, но
гораздо уже более позитивно читаемый."
406;1306530;1309471;"и транслирующий более
позитивную информацию жест."
407;1331180;1335340;"Итак, посмотрите, что на
самом деле говорят нам политики."
408;1335760;1336820;"Запомните главное."
409;1339520;1342540;"Кулаки воздетые
на уровень головы."
410;1342940;1346420;"Негативная информация
употребляется после критических"
411;1346421;1349780;"событий, когда необходимо
создать некую уверенность у людей,"
412;1350100;1352660;"что я все-таки
способен защитить вас."
413;1353720;1355180;"Жест указующего перста."
414;1355680;1356180;"Я докажу."
415;1356560;1358860;"Управление массами."
416;1358861;1359861;"Я повелеваю вами."
417;1361560;1362120;"Смотрите,"
418;1362480;1366480;"вертикальные жесты. Политик
может утверждать, что он демократ."
419;1366700;1370060;"Но на самом деле он стремится
жестко управлять людьми."
420;1375640;1377760;"Если политик
прижимает руки к груди,"
421;1378040;1379780;"то он действительно
хочет, чтобы ему поверили."
422;1379781;1383740;"Поверьте мне, я говорю
правду, просит политик."
423;1384220;1387860;"Не только у политиков есть свои
особенные профессиональные жесты."
424;1388120;1391720;"Сейчас при приеме на работу в крупных
кадровых агентствах собеседования проводят"
425;1391721;1393200;"специалисты по
невербальной коммуникации."
426;1393610;1397200;"Мы поставили скрытую камеру
в одном из кадровых агентств."
427;1397540;1401200;"Посмотрите, как правильно и неправильно
вести себя при приеме на работу."
428;1401560;1403640;"Итак, первый кандидат. Он улыбается."
429;1404180;1405960;"У него чуть-чуть зажаты губы."
430;1406120;1406920;"Руки в замке."
431;1407020;1410940;"Это означает некоторое
волнение в самом начале контакта."
432;1411120;1412120;"Пока не страшно."
433;1413000;1416100;"Вот он прячет ладошки, но
одновременно немножко и показывает."
434;1416740;1418740;"Мы видим уголки глаз расслаблены,"
435;1418880;1420720;"хотя уголки губ слегка напряжены."
436;1421260;1424660;"Но время идет, и лицо мужчины
становится все более и более открытым"
437;1424661;1426880;"и расслабленным.
Первое волнение прошло."
438;1426881;1427881;""
439;1428560;1433100;"А вот здесь, видите, после вопроса
взгляд уходит, и мужчина закусывает губы."
440;1433320;1434660;"Это значит, вопрос
вызвал проблему."
441;1434661;1435700;""
442;1436280;1437620;"Вот человек трогает ухо."
443;1437700;1439760;"Это означает, что он не знает ответа."
444;1440080;1442040;"Этот человек не прошел собеседования."
445;1445920;1447920;"А вот пример удачного интервью."
446;1448400;1452100;"Мужчина расслаблен, у него открыты
руки, взгляд спокоен, он уверен."
447;1452300;1453440;"Когда он закатывает глаза,"
448;1453600;1455240;"то его зрачок уходит вправо."
449;1455241;1457340;"А это означает, что человек задумался."
450;1457840;1460461;"Задумываться на собеседовании
можно и даже желательно."
451;1460820;1464700;"А вообще, чем меньше вы
жестикулируете на собеседовании,"
452;1464701;1466580;"тем лучше будет впечатление,
которое вы произведете."
453;1467020;1468960;"И еще кивайте на собеседовании."
454;1469220;1473320;"У собеседника должно складываться
ощущение, что вы полностью с ним согласны."
455;1475360;1476920;"Вот женщина."
456;1476921;1480600;"Видите, она поставила сумочку себе на
колени, то есть защитилась от интервьюера."
457;1481020;1482380;"Это жест скромности."
458;1482880;1486860;"Вот она, отвечая на вопрос, уводит взгляд,
что говорит о ее сильной неуверенности."
459;1487240;1488380;"Женщина трогает волосы."
460;1488381;1490760;"Это очень женский знак,
скорее даже эротический."
461;1490761;1493040;"На собеседовании он неуместен."
462;1493200;1496200;"Она совершенно точно не
останется в сверхурочной часе."
463;1496480;1498340;"Поправление волос говорит о том, что дом,"
464;1498460;1500700;"семья – это те ценности,
которые для нее важнее работы."
465;1500701;1504560;"Правда, если бы она претендовала
не на вакансию менеджера,"
466;1504780;1506940;"а, например, пришла устраиваться нянею,"
467;1507060;1509500;"то психолог мог вынести
положительней вердик."
468;1509700;1510880;"У каждой профессии особый жест."
469;1510881;1513940;"Ну, смотрите, что мы ждем
от няне? Мы ждем любви"
470;1513941;1516180;"к ребенку, прежде всего,
заботы и ответственности."
471;1516600;1518200;"Жесты любви, чувств, проявления, что"
472;1518201;1520400;"делает человек сердечный
– это жест в районе сердца."
473;1521520;1526020;"Няня, которая будет много делать таких жестов
в районе сердца, скорее всего, обладает"
474;1526245;1527820;"чувственностью и заботой о ребенке."
475;1527960;1530020;"Няня, которая вообще
не подносит сюда руки,"
476;1530120;1531960;"а зажимается вот
так вот. Скорее всего,"
477;1532160;1535800;"сухая такая, может быть,
интеллектуалка, может быть,"
478;1535840;1537900;"обладающая системой
воспитания, но она вот жесткая будет."
479;1538480;1539860;"Поэтому жесты в районе."
480;1540980;1544060;"солнечного сплетения
они нежелательны для няне."
481;1544061;1546080;"Она скорее будет
дрессировать ребенка, нежели"
482;1546081;1548420;"любить и заботиться
о нем. Если это хирург,"
483;1548620;1550320;"с одной стороны, он не должен быть излишне"
484;1550321;1552260;"чувствительным, иначе он
не сможет разрезать человека."
485;1552261;1554340;"Поэтому, наоборот, получается,"
486;1554640;1558220;"жесты в районе сердца они покажут,
что человек будет эмоционально"
487;1558221;1560340;"выгорать на работе, он
не сможет много работать."
488;1560800;1562320;"А уж если это детский педиатр,"
489;1562700;1564140;"тогда пусть чувствует детей,
пусть будет заботливым."
490;1564141;1567920;"Так, главное в языке жестов – это
конкурентность или соответствие."
491;1567921;1572260;"Если человек говорит правду, то
его жесты конкурентны его словам."
492;1572380;1573980;"Проведем эксперимент."
493;1573981;1575580;"Психолог Центр
невербальных исследований"
494;1575581;1578300;"отсматривает телеинтервью с
известным специалистом по йоге."
495;1578301;1579860;"Как известно, люди,"
496;1580140;1583960;"занимающиеся йогой,
феноменально контролируют свое тело."
497;1583961;1586180;"Но могут ли они заставить
его не реагировать на ложь?"
498;1586220;1588060;"Как понять, что человек обманывает,"
499;1588220;1589780;"даже если он обманывает сам себя?"
500;1590160;1591660;"Я такой неспокойный, в принципе,"
501;1591860;1597920;"персонаж, и мне там ну, мне нравится
всякая фигня, которая, видимо, обычная,"
502;1598230;1600280;"может показаться блажью,
глупостью, там еще что-то."
503;1600440;1601880;"Мне как-то проверять
себя и мне нравится."
504;1601881;1603440;"Я езжу быстро,"
505;1603780;1605700;"на быстрых машинах часто."
506;1605860;1607920;"Иногда это, ну,
зачастую этими трассы."
507;1607921;1608940;""
508;1610800;1615580;"Ну вот, если говорить о приземленном,
вот здесь сейчас Москва, машина,"
509;1615780;1619100;"это авария, в которую я
попал там года четыре назад."
510;1619500;1621360;"Оп, смотрите еще раз."
511;1622960;1623580;"Стоп."
512;1623800;1627760;"Он говорит года четыре
назад, и у него возникает"
513;1627761;1629340;"очень, очень сильное
напряжение мышц лица. Вот оно."
514;1629940;1630940;"Еще раз."
515;1631500;1632520;"Вот оно. Чуть назад."
516;1633640;1637300;"Вот оно. Он говорит об этом
так, как будто, как будто это"
517;1637301;1639320;"очень естественно для него. Он
рассказывает об этом спокойно."
518;1639321;1643760;"Но в тот момент, когда он говорит об
аварии, которую он попал года четыре назад,"
519;1644180;1647240;"у него возникает очень сильное
напряжение мышечное, лицевое."
520;1647880;1649220;"Я бы сказал, оно
достаточно симметрично."
521;1649221;1653300;"Я бы сказал, что свидетельствует
о том, что у него какая-то"
522;1653301;1655640;"очень сильная проблема осталась
после этой аварии, внутренняя."
523;1655880;1659780;"То ли ему там очень больно было,
то ли он с чем-то там был не согласен,"
524;1659880;1663140;"то ли он кого-то обвиняет в
этой аварии, то ли сам себя винил."
525;1663260;1667120;"Это какое-то внутреннее, очень
болезненное место чисто психологически."
526;1667260;1669000;"И если, например, этот
человек сейчас мне будет"
527;1669001;1671100;"говорить, что он очень
легко об этом рассказывает,"
528;1671160;1673000;"что для него это
прекрасное переживание,"
529;1673220;1675240;"это прекрасный опыт, в
этом месте я ему не поверю."
530;1675380;1679000;"Потому что за этим для него
стоит какой-то очень болезненный"
531;1679001;1680760;"опыт, а совсем не такой
легкий, как он декларирует."
532;1680940;1684120;"Итак, герой интервью пытается заставить
себя поверить в то, что он говорит."
533;1684220;1686200;"А его мимика, независимо от его желаний,"
534;1686380;1689360;"показывает его проблемы,
страхи и скрытые комплексы."
535;1689440;1692080;"А что еще может насторожить,
заставить задуматься?"
536;1692400;1695220;"Может у собеседника на уме
что-то неприятное или нехорошее?"
537;1695540;1699920;"Как понять, что человек врет,
даже если он врет сам себе?"
538;1699921;1701820;"Когда мы видим, что люди
говорят неправду или лжем сами,"
539;1701940;1705420;"то сразу стараемся закрыть
наш рот глаза или уши руками."
540;1705640;1708320;"Рука прикрывает рот и
большой палец прижат к щеке."
541;1708420;1710340;"Человек сдерживает произносимые слова."
542;1710700;1711640;"Человек лжет."
543;1711641;1715060;"Но обратите внимание, если
человек таким образом слушает вас,"
544;1715320;1716800;"то он думает, что лжете вы."
545;1717040;1720980;"А лжи также свидетельствуют прикосновения
к носу или к ямочке под носом."
546;1721100;1723260;"Считается, что во время лжи у
человека начинает чесаться нос."
547;1723261;1726420;"Еще один жест
лжи-потирание века."
548;1726700;1728840;"Мужчина труд века очень энергичен."
549;1728900;1732980;"А если ложь серьезная, то отводит
взгляд в сторону или смотрит в пол."
550;1733380;1737760;"Женщина очень деликатно проделывает
это движение, проводя пальцем под глазом."
551;1737820;1742380;"Когда вы понимаете, что человек лжет, вы
можете попросить его повторить сказанное."
552;1742660;1745060;"Это поможет вам узнать правду."
553;1753020;1753520;"Кроме Того,"
554;1753680;1755380;"распознать ложь вы сможете, заметив,"
555;1755440;1757360;"что ваш собеседник во время
разговора прикрывает рот."
556;1757361;1758460;""
557;1759560;1762640;"Вежливо улыбается, но
глаза его остаются серьезными."
558;1765860;1767280;"Неосознанно теребит
воротник своей сорочки."
559;1767281;1768300;""
560;1771840;1773280;"Потирает подбородок."
561;1774140;1775780;"Притрагивается к
носу или мочке уха."
562;1775781;1777040;""
563;1780580;1784320;"В последние годы при проведении
разного рода социологических опросов"
564;1784321;1788420;"и фокус-групп, социологи перестали
слушать то, о чем говорят опрашиваемые."
565;1788760;1791700;"Теперь здесь тоже смотрят на
жесты и мимикус собеседников."
566;1792200;1796200;"Например, долгое время рекламщики не
могли понять, почему женщины утверждают,"
567;1796201;1799820;"что им не нравятся
полуобнаженные мужчины в рекламе."
568;1799821;1802960;"Но при этом реклама с сексуальным
подтекстом остается самой действенной."
569;1803520;1807440;"И только несколько лет
назад психологи объяснили."
570;1807441;1809260;"Женщины на опросах просто
стеснялись сознаться в том,"
571;1809720;1811320;"какая именно реклама им нравится,"
572;1811820;1814120;"а их жесты и мимика выдали правду."
573;1814520;1816520;"Взгляд не может лугать."
574;1816720;1821560;"Расширение, сужение зрачка при
реакции на определенный объект"
575;1821561;1825700;"это то, что не поддается
нашей силы воли."
576;1825850;1828060;"Впрочем, так же, как
и кишечник и самовозг."
577;1828210;1834000;"Это три участка вместе с
зрачком. Это те три участка"
578;1834001;1836120;"человеческого тела, те
части человеческого тела,"
579;1836420;1838260;"которые не поддаются
нашему диктату."
580;1838261;1839720;""
581;1840180;1843840;"Николас входит в десятку самых
влиятельных специалистов по маркетингу."
582;1844240;1848420;"Крупнейшие бренды обращаются к нему
за советом, как лучше продать свой товар."
583;1848520;1850040;"Он готовит специалистов, которые"
584;1850041;1852240;"не хуже компьютера могут
следить за жестами человека."
585;1852241;1856380;"Когда главы компании в шаге от
подписания важных контрактов,"
586;1856660;1860380;"к переговорам подключаются
тайные агенты, нейроспециалисты."
587;1860560;1862180;"Под видом сотрудников компании"
588;1862305;1864480;"они стоят вторым фронтом и следят,"
589;1864680;1866520;"чего действительно хотят переговорщики."
590;1867020;1870140;"Они изначально задают
высокий темп переговоров, чтобы"
591;1870141;1874400;"противоположная сторона перестала контролировать
себя и жестами сказала всю правду."
592;1874640;1880280;"Самые важные взгляды это критическая
оценка ситуации в процессе переговоров."
593;1880281;1884280;"Если вдруг человек начинает
почесывать кончик носа,"
594;1885280;1888320;"неважно каким пальцем, может
быть даже задумываясь при этом"
595;1888321;1894040;"о чем-то, либо потерять кончик
века взглядом совершенно интуитивно,"
596;1894220;1896140;"это означает, что сейчас момент"
597;1896440;1898400;"патовой критической ситуации."
598;1899140;1904180;"Значит, сейчас вы не просто допустили
ошибку, вы дали человеку критически осознать,"
599;1904260;1908320;"что происходит, но если вы ее
исправили и через открытые жесты,"
600;1908321;1911320;"и через реальную прагматику
и позитивные эмоции,"
601;1911880;1912880;"то следите,"
602;1913000;1914120;"человек либо"
603;1914295;1916480;"приблизится к вам и откроет руки"
604;1916605;1918300;"в позитивном восприятии,"
605;1918560;1922060;"в открытости той информации,
которую вы получаете, и либо"
606;1922061;1926540;"к финалу уже ваша презентация,
ваша диалога откинется на спинку"
607;1926541;1928480;"кресла, а руки при
этом останутся открыты."
608;1928481;1930580;"Это значит,"
609;1930760;1932100;"вы практически победили."
610;1932240;1934680;"Зачастую, если на переговорах
присутствует несколько человек,"
611;1934980;1939040;"то, как правило, один является лидирующим
переговорщиком, который ведет содержание,"
612;1940030;1944800;"а второй, там третий, как
правило, наблюдает за формой"
613;1944801;1946640;"Того, как жестикулирует
оппонент, с какой стороны."
614;1948370;1950620;"он указывает на принятие
своего собственного"
615;1950621;1954860;"решения, в какой момент, как он воспринимает
и мимикой, и жестами те предложения,"
616;1955040;1956780;"которые ему преподносятся,"
617;1957340;1958860;"предлагаются, и в
момент, если нужно."
618;1958960;1960580;""
619;1961900;1962900;"вызвать согласие,"
620;1963340;1968440;"то на каких-то особо ключевых точках
партнер начинает играть в жестикуляцию,"
621;1968630;1970680;"то есть он просто начинает кивать головой"
622;1970705;1972640;"в момент, когда нужно
принять кому-то решение,"
623;1973300;1978760;"или чуть-чуть покачивать
из стороны в сторону головой,"
624;1978761;1980300;"дать знать, что сейчас не
надо принимать такое решение,"
625;1980400;1985541;"тем самым очень большой объем информации
для оппонента считается вот так невербально."
626;1988100;1989260;"Жесты переговоров."
627;1991700;1995500;"Итак, если вы видите, что
ваш собеседник протирает"
628;1995501;1997760;"стекла очков либо кладет
душку от очков в рот,"
629;1998160;1999760;"это пауза для обдумывания,"
630;1999980;2000980;"просьба подождать."
631;2002220;2005050;"Постукивание пальцами по
столу означает нервозность,"
632;2005700;2007360;"потерю интереса к разговору,"
633;2007560;2009260;"желание поменять тему."
634;2010000;2012420;"Собеседник откидывается
на спинку стула."
635;2012560;2017020;"Это означает, что переговоры идут
успешно и приближаются к окончанию."
636;2017460;2020960;"Собеседник потирает
подбородок, он принимает решение."
637;2020961;2022680;"Он их видит, да,"
638;2022860;2025020;"они как бы живут свою жизнь."
639;2025320;2028920;"Ты знаешь, сквозь них,
сквозь них, тут эти все,"
640;2029200;2034180;"они такие немножко такой брейдинг,
ярмарка, глупцов, понимаешь?"
641;2039200;2040440;"Мух, мух!"
642;2042320;2046120;"Театральный режиссер Нина Чусова
еще в институте выучила язык жестов"
643;2046121;2049540;"и уверенно его применяет не
только на сцене, но и на переговорах."
644;2053540;2059460;"Я вам скажу, что достаточно, если вы идете
выпить кофе и поговорите о каких-то делах,"
645;2059580;2065340;"вот ни в коем случае нельзя к твоему
собеседнику наклоняться вперед, облокачиваться,"
646;2065620;2067060;"вступать в его интимную зону."
647;2067100;2069300;"Нужно, наоборот, если вы хотите от него"
648;2069500;2071340;"что-то добиться, чуть-чуть даже назад,"
649;2071580;2073940;"чуть-чуть отстраниться от него,"
650;2074720;2077340;"неважно от Того, какой
результат вы ожидаете."
651;2078060;2081380;"И на самом деле происходит
некое внутреннее успокоение."
652;2081460;2083220;"То есть как бы сказать, ты себя чувствуешь"
653;2083590;2088360;"достаточно в такой вот... в
хорошие, выгодные позиции."
654;2088600;2091720;"То есть вот попробовать
это и на самом деле вот я"
655;2091721;2093660;"попробовала и убедилась,
что реально это помогает."
656;2094170;2095780;"И ты в этих разговорах,"
657;2096100;2097560;"в этих беседах всегда выигрываешь."
658;2097740;2100660;"Как только ты напираешь и
входишь в интимную зону собеседника,"
659;2100800;2102100;"ты сразу становишься хвоем."
660;2103260;2105881;"Последнее время Нина
перестала брать жесты из жизни."
661;2106440;2110250;"Жесты к ее новому спектаклю
были нарисованы в 15-16 веках"
662;2110720;2112240;"двумя великими художниками."
663;2112400;2114660;"Питером Брейгелем и Иеронимом Босхом."
664;2123980;2127280;"Если быть внимательным, то
там нет вообще случайных каких-то"
665;2127281;2130260;"поворотов головы, жестов,
движения глаз и так далее."
666;2130261;2132160;"То есть все что-то обозначает."
667;2132680;2135980;"И вот сейчас работаем с спектаклями
портрет, мы это активно используем."
668;2136030;2139940;"У нас настольные книги
это Брейгель и Босх, и просто"
669;2139941;2142120;"по ним мы изучаем вот
все, что там происходит,"
670;2142360;2144080;"какое поведение."
671;2144081;2147440;"А аномальные вообще этих художников,
мне кажется, не существует, потому что там"
672;2147441;2152260;"действительно невозможно оторваться,
потому что совершенно вот эти."
673;2152940;2157920;"ненормальные изгибы и так далее, но они все
что-то выражают и все что-то обозначают."
674;2163360;2166201;"Язык жестов прошлого
остался не только на картинах."
675;2166780;2169660;"О том, как разговаривали люди,
когда не умели разговаривать,"
676;2170020;2171280;"расскажет вам любой танец."
677;2176440;2180080;"Танец это то, что осталось от
молчаливых разговоров наших предков."
678;2180460;2183500;"Ученые утверждают, что
посмотрев на то, как танцует человек,"
679;2183940;2185820;"можно узнать о том,
какие у него проблемы."
680;2185821;2191600;"Хореограф Елена Ирнандес уже давно по
танцам изучает психологию российских женщин."
681;2191700;2193600;"Видимо, мы недооцениваем."
682;2194240;2195240;"зажим,"
683;2195420;2202040;"ту проблему, которая сваливается на нас,
когда мы пытаемся пренебречь своим телом."
684;2202041;2203041;"Мы им врем."
685;2203660;2205260;""
686;2206200;2209340;"И если мы врем
словами нам кажется,"
687;2209700;2213340;"что меньше, то тело и
невозможность выпрямиться"
688;2213490;2215160;"все ставят по своим местам."
689;2215780;2218980;"Я на занятиях вижу их на
раз больше, чем хочу видеть."
690;2218981;2221000;"Это какой-то страшный ценз."
691;2221420;2224840;"Это страшный тест на то,
живешь ли ты как хочешь."
692;2224841;2225841;""
693;2227220;2233000;"Например, некоторые
избегают дробей, но стук"
694;2233001;2234600;"ногой это кратчайший
способ вылить изъявления."
695;2235640;2238980;"Мягкость руки это женственность."
696;2238981;2242580;"Если ее нет, проблема в том,
почему ты не хочешь быть мягкой."
697;2243920;2247020;"Или, например, вот такой
жест, который я видела у одной"
698;2247620;2249240;"девочки, которая у меня занималась"
699;2249390;2250720;"вместе с мамой,"
700;2250980;2253160;"и я спросила, нет ли у
нее в роду итальянцев."
701;2253210;2254280;""
702;2254800;2256740;"Потому что итальянцы так делают."
703;2257820;2260620;"На что мама разрыдалась,"
704;2261080;2262960;"а девочка крикнула, мама, я так и знала,"
705;2263080;2264260;"что мой отец Джованни."
706;2266890;2270580;"С тем, что жесты могут передаваться
генетически, согласны и ученые."
707;2270880;2273040;"Именно поэтому жесты королей и аристократов"
708;2273041;2275220;"так сильно отличаются
от жестов простых людей."
709;2275221;2279220;"Если деньги и титул достаются
по наследству, это видно сразу."
710;2279860;2280860;"Минимум жестов."
711;2280940;2283460;"По рукам и телу
невозможно ничего прочитать."
712;2283820;2288220;"Люди не должны видеть своего короля,
нервно терябящего платок или чешущего нос."
713;2289120;2293600;"Впрочем, если уметь читать жесты, то можно
узнать даже мысли английской королевы."
714;2294760;2297580;"Вот она трогает мучку
уха, жест неуверенности."
715;2297800;2298960;"Психологи объясняют."
716;2299160;2302560;"Несколько минут назад королева
купила на аукционе фортепиано."
717;2302561;2306240;"И теперь раздумывает,
зачем она это сделала."
718;2316630;2318610;"Жестами человек меняет свой социальный"
719;2318611;2320770;"статус, а со сменой статуса
приходят и новые жесты."
720;2320771;2324270;"Жесты сильного,
уверенного в себе человека."
721;2324910;2326570;"В первую очередь меняется осамка."
722;2326750;2328910;"Плечи распрямляются, грудь идет вперед."
723;2329130;2331050;"Поднятая голова, высоко
задранный подбородок."
724;2331051;2332850;"Вот он, победитель."
725;2333690;2336970;"Но как только речь пойдет о
серьезной сделке, как только появится"
726;2336971;2340970;"риск потерять заработанные миллионы,
тот же самый победитель начнет нервничать."
727;2341610;2344750;"И это сразу отразится на
его жестах и на его осанке."
728;2354770;2356850;"Выставка товаров далеко
не первой необходимости."
729;2357870;2361010;"Эти предметы роскоши могут себе
позволить только очень богатые люди."
730;2361011;2365050;"Самое место для завязывания
деловых и романтических знакомств."
731;2365051;2368750;"Сюда не пустят человек,
у которого нет денег."
732;2369290;2373330;"Специалисты фейс-контроля проходят
тщательное обучение. И в первую очередь"
733;2373331;2375090;"смотрят не на одежду
посетителя, а на его жесты."
734;2375490;2376890;""
735;2377530;2381310;"Все жесты миллионеров они
такие хозяйские, неспешные,"
736;2381710;2383190;"уверенные, раскрытые,
законченные."
737;2383390;2387010;"Любое проявление
суеты говорит о том, что"
738;2387011;2389250;"все-таки человек еще
не там, где хотел бы быть."
739;2389930;2393250;"Не в той социальной страте, в
которой он есть. Он все еще на пути,"
740;2393310;2396250;"он все еще стремится, и значит
у него еще не все получается."
741;2397590;2400526;"Можно также посмотреть на мужчину,
который сейчас разговаривает по телефону."
742;2400550;2402470;"Мы видим, что он достаточно
быстро, динамично двигается."
743;2402471;2404150;"У него есть свой замысел."
744;2404290;2405990;"Он одновременно делает две задачи."
745;2406110;2408310;"Расставляет мебель и беседует по телефону."
746;2408350;2410350;"Он удается удерживать эти планы,"
747;2410570;2414650;"причем у него слегка сутула
стена, что говорит о том,"
748;2414830;2417650;"что все-таки проблемы социального
уровня у него какие-то есть."
749;2418290;2422990;"И вот видите, рука зависла, он
не осознает левую руку, потому"
750;2422991;2424710;"что он сосредоточен и он
перестал ососновать левую руку."
751;2424890;2426190;"Сгляд у него поверх очков."
752;2426310;2428410;"То есть это говорит о
его потребности уважения"
753;2428411;2430570;"и том, что он скорее
всего достиг достатка."
754;2430610;2432326;"Но я бы не стала
говорить, что он миллионер."
755;2432350;2433350;"Скорее всего нет."
756;2434510;2436630;"Вот можно на эту леди посмотреть сейчас."
757;2436990;2440010;"У нее неровные движения,"
758;2440430;2441430;"достаточно стуетливые,"
759;2441950;2445210;"что показывает, что она не
совсем спокойна, не совсем"
760;2445211;2447170;"уверенно чувствует себя,
ей не совсем комфортно."
761;2447210;2448590;"Если посмотреть на ту одежду,"
762;2448730;2451390;"с какой изысканностью она
одета в труящейся платье,"
763;2451391;2455150;"с этими движениями, которые
достаточно грубые и резкие, то мы видим."
764;2456270;2457270;"некое несоответствие."
765;2457510;2461430;"Я бы сказала, скорее она хочет выглядеть
богатой, чем она является богатой."
766;2461510;2464430;"Скорее она стремится к
достатку, нежели имеет его."
767;2465410;2466950;"И если посмотреть на ее туфли,"
768;2467110;2470670;"черные с белым, которые,
собственно, не вяжутся к ее костюму,"
769;2471350;2473150;"но, очевидно, она стремится быть красивой."
770;2473230;2475390;"Видите, она поправляет
шарфик, это жест неуверенности."
771;2476270;2477430;"Я вам могу сказать,
что она небогата."
772;2477431;2478290;"И приседает."
773;2478291;2479650;""
774;2481010;2482150;"Резкий такой жест."
775;2483010;2483570;"колхозницы."
776;2483730;2485670;"Очень интересный, приятный господин."
777;2485830;2487810;"Он выглядит как хозяин."
778;2488110;2492070;"Почему? Потому что, посмотрите,
как раз эти широко расставленные ноги,"
779;2492270;2493350;"расправленные плечи,"
780;2493510;2494610;"взгляд перед собой."
781;2496010;2497690;"Вот он подошел к женщинам поближе,"
782;2498130;2500370;"улыбается, трогает нос, подбородок."
783;2500630;2503830;"Но это, скорее всего, некий такой
жест легкого заигрывания с ними."
784;2504270;2505910;"Если мы посмотрим на
девушек, они тоже улыбаются."
785;2505911;2507910;"Такая светская беседа."
786;2509010;2510670;"Чуть-чуть зажатые плечи."
787;2510730;2514330;"Я думаю, он смущается этих девушек,
не знает толком, как себя с ними вести."
788;2514430;2516390;"У него, скорее, некая маска, некая роль."
789;2516810;2518130;"Но я бы сказала, что это человек."
790;2518650;2519650;"состоятельный."
791;2523250;2524370;"Жесты успеха."
792;2525930;2527510;"Скрещенные на плечах руки."
793;2527850;2531910;"Сигнал чувства уверенности,
внутренней свободы, владения ситуацией."
794;2535960;2540720;"То же самое означает
широко расставленные ноги."
795;2543400;2545540;"Поза, когда руки
упираются в бедра,"
796;2545720;2547820;"демонстрирует твердость, уверенность,"
797;2547940;2549700;"стабильность, превосходство."
798;2554220;2557800;"Поза, при которой одна нога
поставлена на мысок перед другой,"
799;2558120;2559760;"демонстрирует независимость."
800;2560700;2563180;"Человек вольяжно
расположился в кресле."
801;2563480;2566600;"Это сигнализирует о его
полной раскрепощенности."
802;2568460;2571300;"Человек потирает подбородок
перед принятием решения."
803;2571680;2572680;"Это говорит о том,"
804;2572820;2575240;"что он просчитывает варианты."
805;2576460;2578800;"Так о чем говорит
человек, когда молчит?"
806;2579280;2580560;"О любви, о ненависти,"
807;2580940;2583480;"о своих скрытых желаниях,
о неуверенности в себе."
808;2584080;2588500;"Человек руками, глазами и лицом
рассказывает нам историю своей жизни."
809;2589020;2590600;"Человек совсем не
хочет врать, когда молчит."
810;2590660;2593740;"Язык жестов появился тогда,"
811;2593880;2595940;"когда человеку не нужно было обманывать."
812;2596660;2601860;"Мы строим свою жизнь и мир вокруг
нас своими руками, своими жестами."
813;2602320;2605800;"Как дирижер управляет оркестром,
так и мы создаем мелодию своей жизни."
814;2605801;2608460;"И только от нас зависит,"
815;2608740;2609720;"какая это будет мелодия."